SKU,İsim
JOT-601-RA-ARK,Jota 601 Arkansas Ön Polisaj Frezi
JOT-6198-RA-ARK,Jota 6198 Arkansas Ön Polisaj Frezi
JOT-GP662-RA-ARK,Jota GP662 Glaze Prep Zirkonya & Seramik Ayar Frezi
JOT-661-RA-ARK,Jota 661 Arkansas Ön Polisaj Frezi
JOT-645-RA-ARK,Jota 645 Arkansas Ön Polisaj Frezi
JOT-666-RA-ARK,Jota 666 Arkansas Ön Polisaj Frezi
JOT-SD661f-RA-CER,Jota SD661F Diamond Stone Seramik Ayar Taşı
JOT-C151-FG-SUR,Jota C151 Cerrahi Karbit Frez - Cerrahi Karbit
JOT-C152-FG-SUR,Jota C152 Cerrahi Karbit Frez - Cerrahi Karbit
JOT-9765M-RA-POL,Jota 9765M Kompozit Cilalama Ucu (Polisher) - Step 1
JOT-9825-RA-POL,Jota 9825 Kompozit Cilalama Ucu (Polisher) - Step 1
JOT-9765F-RA-POL,Jota 9765F Kompozit Cilalama Ucu (Polisher) - Step 2
JOT-9828-RA-POL,Jota 9828 Kompozit Cilalama Ucu (Polisher) - Step 1
JOT-9837-RA-POL,Jota 9837 Kompozit Cilalama Ucu (Polisher) - Step 2
JOT-9831-RA-POL,Jota 9831 Kompozit Cilalama Ucu (Polisher) - Step 2
JOT-9829-RA-POL,Jota 9829 Kompozit Cilalama Ucu (Polisher) - Step 1
JOT-9834-RA-POL,Jota 9834 Kompozit Cilalama Ucu (Polisher) - Step 2
JOT-9832-RA-POL,Jota 9832 Kompozit Cilalama Ucu (Polisher) - Step 2
JOT-9826-RA-POL,Jota 9826 Kompozit Cilalama Ucu (Polisher) - Step 1
JOT-LS9873F-RA-POL,Jota LS9873F Lityum Disilikat Cilalama Ucu (Polisher) - Step 2
JOT-9501M-RA-POL,Jota 9501M Metal Cilalama Ucu (Polisher) - Step 2
JOT-9501G-RA-POL,Jota 9501G Metal Cilalama Ucu (Polisher) - Step 1
JOT-LS9871F-RA-POL,Jota LS9871F Lityum Disilikat Cilalama Ucu (Polisher) - Step 2
JOT-LS9873F-RA-POL,Jota LS9873M Lityum Disilikat Cilalama Ucu (Polisher) - Step 1
JOT-9501F-RA-POL,Jota 9501F Metal Cilalama Ucu (Polisher) - Step 3
JOT-LS9871M-RA-POL,Jota LS9871M Lityum Disilikat Cilalama Ucu (Polisher) - Step 1
JOT-9813F-RA-POL,Jota 9813F Seramik Cilalama Ucu (Polisher) - Step 3
JOT-9805F-RA-POL,Jota 9805F Seramik Cilalama Ucu (Polisher) - Step 3
JOT-9812G-RA-POL,Jota 9812G Seramik Cilalama Ucu (Polisher) - Step 1
JOT-9812F-RA-POL,Jota 9812F Seramik Cilalama Ucu (Polisher) - Step 3
JOT-9805M-RA-POL,Jota 9805M Seramik Cilalama Ucu (Polisher) - Step 2
JOT-9805G-RA-POL,Jota 9805G Seramik Cilalama Ucu (Polisher) - Step 1
JOT-9812M-RA-POL,Jota 9812M Seramik Cilalama Ucu (Polisher) - Step 2
JOT-9150-RA-POL,Jota 9150 Universal Cilalama Ucu (Polisher)
JOT-ZIR9861F-RA-POL,Jota ZIR9861F Zirkonya Cilalama Ucu (Polisher) - Step 2
JOT-9813G-RA-POL,Jota 9813G Seramik Cilalama Ucu (Polisher) - Step 1
JOT-9813M-RA-POL,Jota 9813M Seramik Cilalama Ucu (Polisher) - Step 2
JOT-9113M-RA-POL,Jota 9113M Universal Cilalama Ucu (Polisher)
JOT-ZIR9863F-RA-POL,Jota ZIR9863F Zirkonya Cilalama Ucu (Polisher) - Step 2
JOT-ZIR9861M-RA-POL,Jota ZIR9861M Zirkonya Cilalama Ucu (Polisher) - Step 1
JOT-ZIR9863M-RA-POL,Jota ZIR9863M Zirkonya Cilalama Ucu (Polisher) - Step 1
JOT-801-FG-008,Jota 801 Elmas Frez - Mavi Kuşak (Standard) Yuvarlak (Round) Genel Preparasyon Frezi
JOT-801-FG-010,Jota 801 Elmas Frez - Mavi Kuşak (Standard) Yuvarlak (Round) Genel Preparasyon Frezi
JOT-801-FG-012,Jota 801 Elmas Frez - Mavi Kuşak (Standard) Yuvarlak (Round) Genel Preparasyon Frezi
JOT-801-FG-014,Jota 801 Elmas Frez - Mavi Kuşak (Standard) Yuvarlak (Round) Genel Preparasyon Frezi
JOT-801XL-FG-014,Jota 801 Elmas Frez - Mavi Kuşak (Standard) Yuvarlak (Round) Genel Preparasyon Frezi
JOT-801-FG-016,Jota 801 Elmas Frez - Mavi Kuşak (Standard) Yuvarlak (Round) Genel Preparasyon Frezi
JOT-801-FG-018,Jota 801 Elmas Frez - Mavi Kuşak (Standard) Yuvarlak (Round) Genel Preparasyon Frezi
JOT-801XL-FG-018,Jota 801 Elmas Frez - Mavi Kuşak (Standard) Yuvarlak (Round) Genel Preparasyon Frezi
JOT-801-FG-021,Jota 801 Elmas Frez - Mavi Kuşak (Standard) Yuvarlak (Round) Genel Preparasyon Frezi
JOT-801-FG-023,Jota 801 Elmas Frez - Mavi Kuşak (Standard) Yuvarlak (Round) Genel Preparasyon Frezi
JOT-138-FG-007,Jota 138 Elmas Frez - Mavi Kuşak (Standard) Mikro Yuvarlak Genel Preparasyon Frezi
JOT-801-GFG-010,Jota 801G Elmas Frez - Yeşil Kuşak (Kaba) Yuvarlak (Round) Hızlı Preparasyon Frezi
JOT-801-GFG-012,Jota 801G Elmas Frez - Yeşil Kuşak (Kaba) Yuvarlak (Round) Hızlı Preparasyon Frezi
JOT-801-GFG-014,Jota 801G Elmas Frez - Yeşil Kuşak (Kaba) Yuvarlak (Round) Hızlı Preparasyon Frezi
JOT-801-GFG-016,Jota 801G Elmas Frez - Yeşil Kuşak (Kaba) Yuvarlak (Round) Hızlı Preparasyon Frezi
JOT-801-GFG-018,Jota 801G Elmas Frez - Yeşil Kuşak (Kaba) Yuvarlak (Round) Hızlı Preparasyon Frezi
JOT-801-GFG-021,Jota 801G Elmas Frez - Yeşil Kuşak (Kaba) Yuvarlak (Round) Hızlı Preparasyon Frezi
JOT-801-GFG-023,Jota 801G Elmas Frez - Yeşil Kuşak (Kaba) Yuvarlak (Round) Hızlı Preparasyon Frezi
JOT-558-FG-013,Jota 558 Elmas Frez - Mavi Kuşak (Standard) Silindirik Uzun Genel Preparasyon Frezi
JOT-558-FG-015,Jota 558 Elmas Frez - Mavi Kuşak (Standard) Silindirik Uzun Genel Preparasyon Frezi
JOT-558-FFG-013,Jota 558F Elmas Frez - Kırmızı Kuşak (İnce) Silindirik Uzun Finishing Frezi
JOT-558-FFG-015,Jota 558F Elmas Frez - Kırmızı Kuşak (İnce) Silindirik Uzun Finishing Frezi
JOT-83O-EFFG-018,Jota 830EF Elmas Frez - Sarı Extra İnce Alev (Flame) Elmas Frez
JOT-83O-EFFG-021,Jota 830EF Elmas Frez - Sarı Extra İnce Alev (Flame) Elmas Frez
JOT-83O-EFFG-023,Jota 830EF Elmas Frez - Sarı Extra İnce Alev (Flame) Elmas Frez
JOT-801L-FG-012,Jota 801L Elmas Frez - Mavi Kuşak (Standard) Uzun Boyunlu Yuvarlak (Long Neck Round) Genel Preparasyon Frezi
JOT-801L-FG-014,Jota 801L Elmas Frez - Mavi Kuşak (Standard) Uzun Boyunlu Yuvarlak (Long Neck Round) Genel Preparasyon Frezi
JOT-801L-FG-016,Jota 801L Elmas Frez - Mavi Kuşak (Standard) Uzun Boyunlu Yuvarlak (Long Neck Round) Genel Preparasyon Frezi
JOT-808-FG-012,Jota 808 Elmas Frez - Mavi Kuşak (Standard) Ters Konik (Inverted Cone) Genel Preparasyon Frezi
JOT-801L-GFG-012,Jota 801LG Elmas Frez - Yeşil Kuşak (Kaba) Uzun Boyunlu Yuvarlak (Long Neck Round) Hızlı Preparasyon Frezi
JOT-801L-GFG-014,Jota 801LG Elmas Frez - Yeşil Kuşak (Kaba) Uzun Boyunlu Yuvarlak (Long Neck Round) Hızlı Preparasyon Frezi
JOT-801L-GFG-016,Jota 801LG Elmas Frez - Yeşil Kuşak (Kaba) Uzun Boyunlu Yuvarlak (Long Neck Round) Hızlı Preparasyon Frezi
JOT-805-FG-010,Jota 805 Elmas Frez - Mavi Kuşak (Standard) Ters Konik (Inverted Cone) Genel Preparasyon Frezi
JOT-805-FG-012,Jota 805 Elmas Frez - Mavi Kuşak (Standard) Ters Konik (Inverted Cone) Genel Preparasyon Frezi
JOT-805-FG-014,Jota 805 Elmas Frez - Mavi Kuşak (Standard) Ters Konik (Inverted Cone) Genel Preparasyon Frezi
JOT-805-FG-016,Jota 805 Elmas Frez - Mavi Kuşak (Standard) Ters Konik (Inverted Cone) Genel Preparasyon Frezi
JOT-801-SGFG-014,Jota 801SG Elmas Frez - Siyah Kuşak (Süper Kaba) Yuvarlak (Round) Agresif Preparasyon Frezi
JOT-801-SGFG-016,Jota 801SG Elmas Frez - Siyah Kuşak (Süper Kaba) Yuvarlak (Round) Agresif Preparasyon Frezi
JOT-801-SGFG-018,Jota 801SG Elmas Frez - Siyah Kuşak (Süper Kaba) Yuvarlak (Round) Agresif Preparasyon Frezi
JOT-801-SGFG-021,Jota 801SG Elmas Frez - Siyah Kuşak (Süper Kaba) Yuvarlak (Round) Agresif Preparasyon Frezi
JOT-830-FG-018,Jota 830 Elmas Frez - Mavi Kuşak (Standard) Alev (Flame) Genel Preparasyon Frezi
JOT-830-FG-021,Jota 830 Elmas Frez - Mavi Kuşak (Standard) Alev (Flame) Genel Preparasyon Frezi
JOT-830-FG-023,Jota 830 Elmas Frez - Mavi Kuşak (Standard) Alev (Flame) Genel Preparasyon Frezi
JOT-820-FFG-016,Jota 820F Elmas Frez - Kırmızı Kuşak (İnce) Tomurcuk / Fine Finishing Frezi
JOT-833-FFG-014,Jota 833F Elmas Frez - Kırmızı Kuşak (İnce) Armut / Torpido Finishing Frezi
JOT-833-FFG-018,Jota 833F Elmas Frez - Kırmızı Kuşak (İnce) Armut / Torpido Finishing Frezi
JOT-833-FFG-023,Jota 833F Elmas Frez - Kırmızı Kuşak (İnce) Armut / Torpido Finishing Frezi
JOT-830-FFG-018,Jota 830F Elmas Frez - Kırmızı Kuşak (İnce) Alev (Flame) Finishing Frezi
JOT-830-FFG-021,Jota 830F Elmas Frez - Kırmızı Kuşak (İnce) Alev (Flame) Finishing Frezi
JOT-830-FFG-023,Jota 830F Elmas Frez - Kırmızı Kuşak (İnce) Alev (Flame) Finishing Frezi
JOT-833-GFG-018,Jota 833G Elmas Frez - Yeşil Kuşak (Kaba) Armut / Torpido Hızlı Preparasyon Frezi
JOT-833-GFG-023,Jota 833G Elmas Frez - Yeşil Kuşak (Kaba) Armut / Torpido Hızlı Preparasyon Frezi
JOT-833-EFG-023,Jota 833EF Elmas Frez - Sarı Extra İnce Armut / Torpido Elmas Frez
JOT-835-FG-008,Jota 835 Elmas Frez - Mavi Kuşak (Standard) Silindirik Genel Preparasyon Frezi
JOT-835-FG-010,Jota 835 Elmas Frez - Mavi Kuşak (Standard) Silindirik Genel Preparasyon Frezi
JOT-835-FG-012,Jota 835 Elmas Frez - Mavi Kuşak (Standard) Silindirik Genel Preparasyon Frezi
JOT-831-FFG-016,Jota 831F Elmas Frez - Kırmızı Kuşak (İnce) Alev / İnce Form Finishing Frezi
JOT-830-GFG-016,Jota 830G Elmas Frez - Yeşil Kuşak (Kaba) Alev (Flame) Hızlı Preparasyon Frezi
JOT-830-GFG-018,Jota 830G Elmas Frez - Yeşil Kuşak (Kaba) Alev (Flame) Hızlı Preparasyon Frezi
JOT-830-GFG-023,Jota 830G Elmas Frez - Yeşil Kuşak (Kaba) Alev (Flame) Hızlı Preparasyon Frezi
JOT-834-FG-016,Jota 834 Elmas Frez - Mavi Kuşak (Lamine) Mikro Silindirik Genel Preparasyon Frezi
JOT-833-FG-023,Jota 833 Elmas Frez - Mavi Kuşak (Standard) Armut / Torpido Genel Preparasyon Frezi
JOT-837D-FG-014,Jota 837D Elmas Frez - Mavi Kuşak (Standard) Disk Form Genel Preparasyon Frezi
JOT-845R-FG-018,Jota 845R Elmas Frez - Mavi Kuşak (Standard) Yuvarlatılmış Uçlu Silindirik Genel Preparasyon Frezi
JOT-845R-FG-025,Jota 845R Elmas Frez - Mavi Kuşak (Standard) Yuvarlatılmış Uçlu Silindirik Genel Preparasyon Frezi
JOT-850-GFG-014,Jota 850G Elmas Frez - Yeşil Kuşak (Kaba) İnce Konik Hızlı Preparasyon Frezi
JOT-850-GFG-016,Jota 850G Elmas Frez - Yeşil Kuşak (Kaba) İnce Konik Hızlı Preparasyon Frezi
JOT-850-GFG-018,Jota 850G Elmas Frez - Yeşil Kuşak (Kaba) İnce Konik Hızlı Preparasyon Frezi
JOT-850-FFG-014,Jota 850F Elmas Frez - Kırmızı Kuşak (İnce) İnce Konik Finishing Frezi
JOT-850-FFG-016,Jota 850F Elmas Frez - Kırmızı Kuşak (İnce) İnce Konik Finishing Frezi
JOT-850-FFG-018,Jota 850F Elmas Frez - Kırmızı Kuşak (İnce) İnce Konik Finishing Frezi
JOT-837L-FG-012,Jota 837L Elmas Frez - Mavi Kuşak (Standard) Uzun Silindirik Genel Preparasyon Frezi
JOT-837L-FG-014,Jota 837L Elmas Frez - Mavi Kuşak (Standard) Uzun Silindirik Genel Preparasyon Frezi
JOT-837L-FG-016,Jota 837L Elmas Frez - Mavi Kuşak (Standard) Uzun Silindirik Genel Preparasyon Frezi
JOT-848-FG-014,Jota 848 Elmas Frez - Mavi Kuşak (Standard) Konik Genel Preparasyon Frezi
JOT-848-FG-016,Jota 848 Elmas Frez - Mavi Kuşak (Standard) Konik Genel Preparasyon Frezi
JOT-848-FG-018,Jota 848 Elmas Frez - Mavi Kuşak (Standard) Konik Genel Preparasyon Frezi
JOT-850-FG-014,Jota 850 Elmas Frez - Mavi Kuşak (Standard) İnce Konik Genel Preparasyon Frezi
JOT-850-FG-016,Jota 850 Elmas Frez - Mavi Kuşak (Standard) İnce Konik Genel Preparasyon Frezi
JOT-850-FG-018,Jota 850 Elmas Frez - Mavi Kuşak (Standard) İnce Konik Genel Preparasyon Frezi
JOT-851L-FG-016,Jota 851L Elmas Frez - Mavi Kuşak (Standard) Uzun İnce Konik Genel Preparasyon Frezi
JOT-837L-GFG-012,Jota 837LG Elmas Frez - Yeşil Kuşak (Kaba) Uzun Silindirik Hızlı Preparasyon Frezi
JOT-837L-GFG-014,Jota 837LG Elmas Frez - Yeşil Kuşak (Kaba) Uzun Silindirik Hızlı Preparasyon Frezi
JOT-837L-GFG-016,Jota 837LG Elmas Frez - Yeşil Kuşak (Kaba) Uzun Silindirik Hızlı Preparasyon Frezi
JOT-852-FG-012,Jota 852 Elmas Frez - Mavi Kuşak (Standard) İğne / İnce Konik Genel Preparasyon Frezi
JOT-852-FG-014,Jota 852 Elmas Frez - Mavi Kuşak (Standard) İğne / İnce Konik Genel Preparasyon Frezi
JOT-852-FG-016,Jota 852 Elmas Frez - Mavi Kuşak (Standard) İğne / İnce Konik Genel Preparasyon Frezi
JOT-852-FG-018,Jota 852 Elmas Frez - Mavi Kuşak (Standard) İğne / İnce Konik Genel Preparasyon Frezi
JOT-852-SGFG-014,Jota 852SG Elmas Frez - Siyah Kuşak (Süper Kaba) İğne / İnce Konik Agresif Preparasyon Frezi
JOT-852-SGFG-016,Jota 852SG Elmas Frez - Siyah Kuşak (Süper Kaba) İğne / İnce Konik Agresif Preparasyon Frezi
JOT-852-SGFG-018,Jota 852SG Elmas Frez - Siyah Kuşak (Süper Kaba) İğne / İnce Konik Agresif Preparasyon Frezi
JOT-852-FFG-012,Jota 852F Elmas Frez - Kırmızı Kuşak (İnce) İğne / İnce Konik Finishing Frezi
JOT-852-FFG-014,Jota 852F Elmas Frez - Kırmızı Kuşak (İnce) İğne / İnce Konik Finishing Frezi
JOT-852-FFG-016,Jota 852F Elmas Frez - Kırmızı Kuşak (İnce) İğne / İnce Konik Finishing Frezi
JOT-852-FFG-018,Jota 852F Elmas Frez - Kırmızı Kuşak (İnce) İğne / İnce Konik Finishing Frezi
JOT-852-GFG-012,Jota 852G Elmas Frez - Yeşil Kuşak (Kaba) İğne / İnce Konik Hızlı Preparasyon Frezi
JOT-852-GFG-014,Jota 852G Elmas Frez - Yeşil Kuşak (Kaba) İğne / İnce Konik Hızlı Preparasyon Frezi
JOT-852-GFG-016,Jota 852G Elmas Frez - Yeşil Kuşak (Kaba) İğne / İnce Konik Hızlı Preparasyon Frezi
JOT-852-GFG-018,Jota 852G Elmas Frez - Yeşil Kuşak (Kaba) İğne / İnce Konik Hızlı Preparasyon Frezi
JOT-859-GFG-012,Jota 859G Elmas Frez - Yeşil Kuşak (Kaba) Uzun İğne Hızlı Preparasyon Frezi
JOT-859-GFG-014,Jota 859G Elmas Frez - Yeşil Kuşak (Kaba) Uzun İğne Hızlı Preparasyon Frezi
JOT-859-FFG-010,Jota 859F Elmas Frez - Kırmızı Kuşak (İnce) Uzun İğne Finishing Frezi
JOT-859-FFG-012,Jota 859F Elmas Frez - Kırmızı Kuşak (İnce) Uzun İğne Finishing Frezi
JOT-859-FFG-014,Jota 859F Elmas Frez - Kırmızı Kuşak (İnce) Uzun İğne Finishing Frezi
JOT-859-FG-010,Jota 859 Elmas Frez - Mavi Kuşak (Standard) Uzun İğne Genel Preparasyon Frezi
JOT-859-FG-012,Jota 859 Elmas Frez - Mavi Kuşak (Standard) Uzun İğne Genel Preparasyon Frezi
JOT-859-FG-014,Jota 859 Elmas Frez - Mavi Kuşak (Standard) Uzun İğne Genel Preparasyon Frezi
JOT-859-EFFG-010,Jota 859EF Elmas Frez - Sarı Extra İnce Uzun İğne Elmas Frez
JOT-859-EFFG-012,Jota 859EF Elmas Frez - Sarı Extra İnce Uzun İğne Elmas Frez
JOT-859-EFFG-014,Jota 859EF Elmas Frez - Sarı Extra İnce Uzun İğne Elmas Frez
JOT-859L-FG-010,Jota 859L Elmas Frez - Mavi Kuşak (Standard) Extra Uzun İğne Genel Preparasyon Frezi
JOT-859L-FG-012,Jota 859L Elmas Frez - Mavi Kuşak (Standard) Extra Uzun İğne Genel Preparasyon Frezi
JOT-859L-FG-014,Jota 859L Elmas Frez - Mavi Kuşak (Standard) Extra Uzun İğne Genel Preparasyon Frezi
JOT-862-EFFG-010,Jota 862EF Elmas Frez - Sarı Extra İnce Konik Elmas Frez
JOT-862-EFFG-012,Jota 862EF Elmas Frez - Sarı Extra İnce Konik Elmas Frez
JOT-862-EFFG-014,Jota 862EF Elmas Frez - Sarı Extra İnce Konik Elmas Frez
JOT-862-GFG-015,Jota 862G Elmas Frez - Yeşil Kuşak (Kaba) Konik Hızlı Preparasyon Frezi
