variant_id,product_id,product_name,current_sku,reference_sku,reference_name,match_confidence,proposed_action,reason
2b819826-c25a-49f2-b555-26f29f276dc6,094e4712-586e-4d64-affc-451bc2ca9a1f,Jota 801G Elmas Frez - Yeşil Kuşak (Kaba) Yuvarlak (Round) Hızlı Preparasyon Frezi,JOT-801-GFG-012,JOT-801-GFG-012,Jota 801G Elmas Frez - Yeşil Kuşak (Kaba) Yuvarlak (Round) Hızlı Preparasyon Frezi,exact_sku,keep_current_sku,Current SKU already exists in authoritative reference.
35c6a52a-2268-4567-8051-5445fda061de,9b8882a4-dcfe-4909-af5e-8bfda695d45f,Jota 852F Elmas Frez - Kırmızı Kuşak (İnce) İğne / İnce Konik Finishing Frezi,JOT-852-FFG-014,JOT-852-FFG-014,Jota 852F Elmas Frez - Kırmızı Kuşak (İnce) İğne / İnce Konik Finishing Frezi,exact_sku,keep_current_sku,Current SKU already exists in authoritative reference.
68e3dcae-7c0d-425c-8765-eedb855d88d4,35d30c26-ca04-4fd9-a3f5-137d112539f0,Jota 859 Elmas Frez - Mavi Kuşak (Standard) Uzun İğne Genel Preparasyon Frezi,JOT-859-FG-010,JOT-859-FG-010,Jota 859 Elmas Frez - Mavi Kuşak (Standard) Uzun İğne Genel Preparasyon Frezi,exact_sku,keep_current_sku,Current SKU already exists in authoritative reference.
c975c2e1-73ea-4776-a09e-f5dcc963d4ff,03ddde4b-d678-4c6e-adbe-330ad44f11df,9805 Polisaj Frezi,JOT-9805G-RA-POL,JOT-9805G-RA-POL,Jota 9805G Seramik Cilalama Ucu (Polisher) - Step 1,exact_sku,keep_current_sku,Current SKU already exists in authoritative reference.
79029996-af41-4b25-80c1-5b6ac36151ed,430b8a94-c1e3-4218-8b88-9eabbca2e68f,Jota ZIR9861M Zirkonya Cilalama Ucu (Polisher) - Step 1,JOT-ZIR9861M-RA-POL,JOT-ZIR9861M-RA-POL,Jota ZIR9861M Zirkonya Cilalama Ucu (Polisher) - Step 1,exact_sku,keep_current_sku,Current SKU already exists in authoritative reference.
67777a4d-e280-4225-8f37-9d81ec1b422f,b6533653-0b0d-44bd-aa5d-51a457c208f7,Jota 9813M Seramik Cilalama Ucu (Polisher) - Step 2,JOT-9813M-RA-POL,JOT-9813M-RA-POL,Jota 9813M Seramik Cilalama Ucu (Polisher) - Step 2,exact_sku,keep_current_sku,Current SKU already exists in authoritative reference.
f77a56db-acac-4dd3-95b5-459053e0325e,5c576b0d-6ddc-4158-83e5-cac3735af6ee,Jota 9826 Kompozit Cilalama Ucu (Polisher) - Step 1,JOT-9826-RA-POL,JOT-9826-RA-POL,Jota 9826 Kompozit Cilalama Ucu (Polisher) - Step 1,exact_sku,keep_current_sku,Current SKU already exists in authoritative reference.
edfa5d17-0858-4565-987c-4874bc7f0182,a3bdf8c8-e539-46e6-86bd-64c9618d71de,Jota 9765M Kompozit Cilalama Ucu (Polisher) - Step 1,JOT-9765M-RA-POL,JOT-9765M-RA-POL,Jota 9765M Kompozit Cilalama Ucu (Polisher) - Step 1,exact_sku,keep_current_sku,Current SKU already exists in authoritative reference.
502a49cb-b3a2-4ae3-ac97-c3d2b71d3991,f95a59f8-f373-4e8e-bd3c-f2b04e6d4f1d,859L Uzun Alev Elmas Frez,JOT-859L-FG-012,JOT-859L-FG-012,Jota 859L Elmas Frez - Mavi Kuşak (Standard) Extra Uzun İğne Genel Preparasyon Frezi,exact_sku,keep_current_sku,Current SKU already exists in authoritative reference.
61c8c7dc-5be6-438f-9c3e-843b0102be89,7a8be6b1-917e-4507-9a0b-08042bfb124b,Jota 801 Elmas Frez - Mavi Kuşak (Standard) Yuvarlak (Round) Genel Preparasyon Frezi,JOT-801-FG-010,JOT-801-FG-010,Jota 801 Elmas Frez - Mavi Kuşak (Standard) Yuvarlak (Round) Genel Preparasyon Frezi,exact_sku,keep_current_sku,Current SKU already exists in authoritative reference.
02f64484-65b0-446a-81d7-57e23ca57da0,094e4712-586e-4d64-affc-451bc2ca9a1f,Jota 801G Elmas Frez - Yeşil Kuşak (Kaba) Yuvarlak (Round) Hızlı Preparasyon Frezi,JOT-801-GFG-010,JOT-801-GFG-010,Jota 801G Elmas Frez - Yeşil Kuşak (Kaba) Yuvarlak (Round) Hızlı Preparasyon Frezi,exact_sku,keep_current_sku,Current SKU already exists in authoritative reference.
d4276260-3552-41a5-b04f-f222b2f347ed,094e4712-586e-4d64-affc-451bc2ca9a1f,Jota 801G Elmas Frez - Yeşil Kuşak (Kaba) Yuvarlak (Round) Hızlı Preparasyon Frezi,JOT-801-GFG-014,JOT-801-GFG-014,Jota 801G Elmas Frez - Yeşil Kuşak (Kaba) Yuvarlak (Round) Hızlı Preparasyon Frezi,exact_sku,keep_current_sku,Current SKU already exists in authoritative reference.
099d1075-dff1-4875-b50a-f529d5b31a31,0ad57fe8-0aca-4bd0-b615-bf0a3d063386,Jota 9825 Kompozit Cilalama Ucu (Polisher) - Step 1,JOT-9825-RA-POL,JOT-9825-RA-POL,Jota 9825 Kompozit Cilalama Ucu (Polisher) - Step 1,exact_sku,keep_current_sku,Current SKU already exists in authoritative reference.
881ff9d5-2955-429d-b50e-8c1bdb44e157,7a8be6b1-917e-4507-9a0b-08042bfb124b,Jota 801 Elmas Frez - Mavi Kuşak (Standard) Yuvarlak (Round) Genel Preparasyon Frezi,JOT-801-FG-018,JOT-801-FG-018,Jota 801 Elmas Frez - Mavi Kuşak (Standard) Yuvarlak (Round) Genel Preparasyon Frezi,exact_sku,keep_current_sku,Current SKU already exists in authoritative reference.
22fb5461-92cd-4f01-b147-72de85d058ea,e3ca7562-e407-4fed-998f-9de183e22992,Jota 9501M Metal Cilalama Ucu (Polisher) - Step 2,JOT-9501M-RA-POL,JOT-9501M-RA-POL,Jota 9501M Metal Cilalama Ucu (Polisher) - Step 2,exact_sku,keep_current_sku,Current SKU already exists in authoritative reference.
6de88c6c-f677-4f10-b776-502221adfa73,7a8be6b1-917e-4507-9a0b-08042bfb124b,Jota 801 Elmas Frez - Mavi Kuşak (Standard) Yuvarlak (Round) Genel Preparasyon Frezi,JOT-801-FG-014,JOT-801-FG-014,Jota 801 Elmas Frez - Mavi Kuşak (Standard) Yuvarlak (Round) Genel Preparasyon Frezi,exact_sku,keep_current_sku,Current SKU already exists in authoritative reference.
50c7c98c-dc91-49f4-945b-c260491425de,7a8be6b1-917e-4507-9a0b-08042bfb124b,Jota 801 Elmas Frez - Mavi Kuşak (Standard) Yuvarlak (Round) Genel Preparasyon Frezi,JOT-801-FG-016,JOT-801-FG-016,Jota 801 Elmas Frez - Mavi Kuşak (Standard) Yuvarlak (Round) Genel Preparasyon Frezi,exact_sku,keep_current_sku,Current SKU already exists in authoritative reference.
559ba98c-e0fd-46a0-ae41-ec7bc3d59d86,599a9a44-30f0-4252-8b09-07198279e773,Jota 138 Elmas Frez - Mavi Kuşak (Standard) Mikro Yuvarlak Genel Preparasyon Frezi,JOT-138-FG-007,JOT-138-FG-007,Jota 138 Elmas Frez - Mavi Kuşak (Standard) Mikro Yuvarlak Genel Preparasyon Frezi,exact_sku,keep_current_sku,Current SKU already exists in authoritative reference.
136164c4-a5f6-44ca-ab86-def061e57083,13d0c867-354a-4043-aa86-f0cc66926fd7,Jota 9812M Seramik Cilalama Ucu (Polisher) - Step 2,JOT-9812M-RA-POL,JOT-9812M-RA-POL,Jota 9812M Seramik Cilalama Ucu (Polisher) - Step 2,exact_sku,keep_current_sku,Current SKU already exists in authoritative reference.
6ffc09c4-65d7-4ddc-98ec-e9106ee6faa4,2af304b0-1b82-47ef-bc83-54d0b07f30c7,Jota 9832 Kompozit Cilalama Ucu (Polisher) - Step 2,JOT-9832-RA-POL,JOT-9832-RA-POL,Jota 9832 Kompozit Cilalama Ucu (Polisher) - Step 2,exact_sku,keep_current_sku,Current SKU already exists in authoritative reference.
97e5b884-be9e-41f6-8859-9b05829b846e,eac27551-3d75-45f8-85e1-5e9a84c996bb,Jota 9113M Universal Cilalama Ucu (Polisher),JOT-9113M-RA-POL,JOT-9113M-RA-POL,Jota 9113M Universal Cilalama Ucu (Polisher),exact_sku,keep_current_sku,Current SKU already exists in authoritative reference.
3da68833-b154-4dd4-bdb1-40c2526eb387,76c0b326-cfe0-4d63-9a42-d3eed95de2c1,Jota 9828 Kompozit Cilalama Ucu (Polisher) - Step 1,JOT-9828-RA-POL,JOT-9828-RA-POL,Jota 9828 Kompozit Cilalama Ucu (Polisher) - Step 1,exact_sku,keep_current_sku,Current SKU already exists in authoritative reference.
a7d94f2c-938d-4bf7-93eb-ce4563ff3c8d,c2b7db8b-b3a3-4a67-8414-dcbc1845b157,Jota 9150 Universal Cilalama Ucu (Polisher),JOT-9150-RA-POL,JOT-9150-RA-POL,Jota 9150 Universal Cilalama Ucu (Polisher),exact_sku,keep_current_sku,Current SKU already exists in authoritative reference.
7683b39f-6878-4dc9-a1ab-b3934c896da8,d1888974-018e-48a9-a6d7-b13f6e80f994,Jota 9829 Kompozit Cilalama Ucu (Polisher) - Step 1,JOT-9829-RA-POL,JOT-9829-RA-POL,Jota 9829 Kompozit Cilalama Ucu (Polisher) - Step 1,exact_sku,keep_current_sku,Current SKU already exists in authoritative reference.
1223f305-4395-48b1-9875-e87511317c31,069b27bc-4ae9-427f-9b31-1860426f0dd1,Jota 9837 Kompozit Cilalama Ucu (Polisher) - Step 2,JOT-9837-RA-POL,JOT-9837-RA-POL,Jota 9837 Kompozit Cilalama Ucu (Polisher) - Step 2,exact_sku,keep_current_sku,Current SKU already exists in authoritative reference.
356e39df-7644-4a8d-b568-ee4ee084501d,7a8be6b1-917e-4507-9a0b-08042bfb124b,Jota 801 Elmas Frez - Mavi Kuşak (Standard) Yuvarlak (Round) Genel Preparasyon Frezi,JOT-801-FG-021,JOT-801-FG-021,Jota 801 Elmas Frez - Mavi Kuşak (Standard) Yuvarlak (Round) Genel Preparasyon Frezi,exact_sku,keep_current_sku,Current SKU already exists in authoritative reference.
e81d267f-b278-4f0b-afb4-ef26cfa72a0b,b8eefd24-be05-450d-ae81-4cbc02b8b732,Jota 830EF Elmas Frez - Sarı Extra İnce Alev (Flame) Elmas Frez,JOT-83O-EFFG-018,JOT-83O-EFFG-018,Jota 830EF Elmas Frez - Sarı Extra İnce Alev (Flame) Elmas Frez,exact_sku,keep_current_sku,Current SKU already exists in authoritative reference.
27ec10cb-2d15-4629-9f35-bac2c011a87a,58415806-1f0a-4a2a-8da1-92329556676d,Jota 801L Elmas Frez - Mavi Kuşak (Standard) Uzun Boyunlu Yuvarlak (Long Neck Round) Genel Preparasyon Frezi,JOT-801L-FG-014,JOT-801L-FG-014,Jota 801L Elmas Frez - Mavi Kuşak (Standard) Uzun Boyunlu Yuvarlak (Long Neck Round) Genel Preparasyon Frezi,exact_sku,keep_current_sku,Current SKU already exists in authoritative reference.
35412154-4017-4460-972a-29eb341cb53b,ae4e45da-c009-49f4-8468-dd8f1d94abc6,Jota 837D Elmas Frez - Mavi Kuşak (Standard) Disk Form Genel Preparasyon Frezi,JOT-837D-FG-014,JOT-837D-FG-014,Jota 837D Elmas Frez - Mavi Kuşak (Standard) Disk Form Genel Preparasyon Frezi,exact_sku,keep_current_sku,Current SKU already exists in authoritative reference.
fc19a0f3-53e5-417f-b580-6b36e30919af,c8d6df0a-d813-4b20-8af0-cad3d17e4241,Jota 835 Elmas Frez - Mavi Kuşak (Standard) Silindirik Genel Preparasyon Frezi,JOT-835-FG-008,JOT-835-FG-008,Jota 835 Elmas Frez - Mavi Kuşak (Standard) Silindirik Genel Preparasyon Frezi,exact_sku,keep_current_sku,Current SKU already exists in authoritative reference.
05a14ef9-efc8-4a2d-89ae-60d4b3a1702d,8654fe35-13b5-4320-a408-e1062a1ee7a5,Jota 830 Elmas Frez - Mavi Kuşak (Standard) Alev (Flame) Genel Preparasyon Frezi,JOT-830-FG-023,JOT-830-FG-023,Jota 830 Elmas Frez - Mavi Kuşak (Standard) Alev (Flame) Genel Preparasyon Frezi,exact_sku,keep_current_sku,Current SKU already exists in authoritative reference.
25d7651c-a83d-49f7-8805-a1f2ce07749e,110fa8c4-2fba-4843-98e7-b3b065e7bc22,Jota 833F Elmas Frez - Kırmızı Kuşak (İnce) Armut / Torpido Finishing Frezi,JOT-833-FFG-018,JOT-833-FFG-018,Jota 833F Elmas Frez - Kırmızı Kuşak (İnce) Armut / Torpido Finishing Frezi,exact_sku,keep_current_sku,Current SKU already exists in authoritative reference.
55ab26e4-ed87-4df1-a02d-62f1698ada1f,add5bcfa-e618-43be-9d13-4013f4e4a69e,Jota 805 Elmas Frez - Mavi Kuşak (Standard) Ters Konik (Inverted Cone) Genel Preparasyon Frezi,JOT-805-FG-014,JOT-805-FG-014,Jota 805 Elmas Frez - Mavi Kuşak (Standard) Ters Konik (Inverted Cone) Genel Preparasyon Frezi,exact_sku,keep_current_sku,Current SKU already exists in authoritative reference.
abf66cea-94f0-4b93-815a-033ea6e89fd4,777e38df-d3ee-41ca-9cf9-53f52e4993ac,Jota 833 Elmas Frez - Mavi Kuşak (Standard) Armut / Torpido Genel Preparasyon Frezi,JOT-833-FG-023,JOT-833-FG-023,Jota 833 Elmas Frez - Mavi Kuşak (Standard) Armut / Torpido Genel Preparasyon Frezi,exact_sku,keep_current_sku,Current SKU already exists in authoritative reference.
088eef84-a3cf-4af4-90ee-2d0b2cac4d22,8654fe35-13b5-4320-a408-e1062a1ee7a5,Jota 830 Elmas Frez - Mavi Kuşak (Standard) Alev (Flame) Genel Preparasyon Frezi,JOT-830-FG-021,JOT-830-FG-021,Jota 830 Elmas Frez - Mavi Kuşak (Standard) Alev (Flame) Genel Preparasyon Frezi,exact_sku,keep_current_sku,Current SKU already exists in authoritative reference.
7bafaae5-92eb-4475-88d8-33e99842f775,0da0e71a-9791-4c9a-953f-55960f7e8d99,Jota 558F Elmas Frez - Kırmızı Kuşak (İnce) Silindirik Uzun Finishing Frezi,JOT-558-FFG-013,JOT-558-FFG-013,Jota 558F Elmas Frez - Kırmızı Kuşak (İnce) Silindirik Uzun Finishing Frezi,exact_sku,keep_current_sku,Current SKU already exists in authoritative reference.
1f43bb08-9b6f-4929-add3-7fce2abb19d4,505c6780-c3ed-4582-8daf-83779de86c74,Jota 801SG Elmas Frez - Siyah Kuşak (Süper Kaba) Yuvarlak (Round) Agresif Preparasyon Frezi,JOT-801-SGFG-021,JOT-801-SGFG-021,Jota 801SG Elmas Frez - Siyah Kuşak (Süper Kaba) Yuvarlak (Round) Agresif Preparasyon Frezi,exact_sku,keep_current_sku,Current SKU already exists in authoritative reference.
cf295e63-b70f-4637-8ebf-9f09023a2f27,4919002b-9643-4fc5-8481-d9f4d181b8b4,Jota 808 Elmas Frez - Mavi Kuşak (Standard) Ters Konik (Inverted Cone) Genel Preparasyon Frezi,JOT-808-FG-012,JOT-808-FG-012,Jota 808 Elmas Frez - Mavi Kuşak (Standard) Ters Konik (Inverted Cone) Genel Preparasyon Frezi,exact_sku,keep_current_sku,Current SKU already exists in authoritative reference.
30e3e59b-ff6b-4358-80f5-f6d45b295117,fb9e1d56-c036-4f05-8ea9-5433c8397491,Jota 833G Elmas Frez - Yeşil Kuşak (Kaba) Armut / Torpido Hızlı Preparasyon Frezi,JOT-833-GFG-023,JOT-833-GFG-023,Jota 833G Elmas Frez - Yeşil Kuşak (Kaba) Armut / Torpido Hızlı Preparasyon Frezi,exact_sku,keep_current_sku,Current SKU already exists in authoritative reference.
cb1fd637-7f2a-4914-8a5a-1004521c6dca,c8d6df0a-d813-4b20-8af0-cad3d17e4241,Jota 835 Elmas Frez - Mavi Kuşak (Standard) Silindirik Genel Preparasyon Frezi,JOT-835-FG-010,JOT-835-FG-010,Jota 835 Elmas Frez - Mavi Kuşak (Standard) Silindirik Genel Preparasyon Frezi,exact_sku,keep_current_sku,Current SKU already exists in authoritative reference.
33b8fc2b-8779-4178-b883-91a4f20ac6ab,505c6780-c3ed-4582-8daf-83779de86c74,Jota 801SG Elmas Frez - Siyah Kuşak (Süper Kaba) Yuvarlak (Round) Agresif Preparasyon Frezi,JOT-801-SGFG-014,JOT-801-SGFG-014,Jota 801SG Elmas Frez - Siyah Kuşak (Süper Kaba) Yuvarlak (Round) Agresif Preparasyon Frezi,exact_sku,keep_current_sku,Current SKU already exists in authoritative reference.
a1e4503d-e0b8-4d89-a209-24a4971f8a71,505c6780-c3ed-4582-8daf-83779de86c74,Jota 801SG Elmas Frez - Siyah Kuşak (Süper Kaba) Yuvarlak (Round) Agresif Preparasyon Frezi,JOT-801-SGFG-016,JOT-801-SGFG-016,Jota 801SG Elmas Frez - Siyah Kuşak (Süper Kaba) Yuvarlak (Round) Agresif Preparasyon Frezi,exact_sku,keep_current_sku,Current SKU already exists in authoritative reference.
8c9e360d-b7e5-405f-8903-b650da6062fb,bd26cf76-7321-4889-93bb-d4d7cbdda81f,Jota 558 Elmas Frez - Mavi Kuşak (Standard) Silindirik Uzun Genel Preparasyon Frezi,JOT-558-FG-013,JOT-558-FG-013,Jota 558 Elmas Frez - Mavi Kuşak (Standard) Silindirik Uzun Genel Preparasyon Frezi,exact_sku,keep_current_sku,Current SKU already exists in authoritative reference.
6df848dc-bb3b-4605-a9a8-4bfb4daef929,c8f361f9-ee31-43a3-b592-a330b64e7335,Jota 830F Elmas Frez - Kırmızı Kuşak (İnce) Alev (Flame) Finishing Frezi,JOT-830-FFG-023,JOT-830-FFG-023,Jota 830F Elmas Frez - Kırmızı Kuşak (İnce) Alev (Flame) Finishing Frezi,exact_sku,keep_current_sku,Current SKU already exists in authoritative reference.
55713219-a10c-4dab-9cec-b88ce96dbb73,302707c0-9627-45c3-a23a-c2e772112a03,Jota 830G Elmas Frez - Yeşil Kuşak (Kaba) Alev (Flame) Hızlı Preparasyon Frezi,JOT-830-GFG-023,JOT-830-GFG-023,Jota 830G Elmas Frez - Yeşil Kuşak (Kaba) Alev (Flame) Hızlı Preparasyon Frezi,exact_sku,keep_current_sku,Current SKU already exists in authoritative reference.
5968109a-c65c-4290-ab6b-c3b663fbde9c,e5983f91-6d5c-415d-bf74-2795ece9e75d,Jota 801LG Elmas Frez - Yeşil Kuşak (Kaba) Uzun Boyunlu Yuvarlak (Long Neck Round) Hızlı Preparasyon Frezi,JOT-801L-GFG-016,JOT-801L-GFG-016,Jota 801LG Elmas Frez - Yeşil Kuşak (Kaba) Uzun Boyunlu Yuvarlak (Long Neck Round) Hızlı Preparasyon Frezi,exact_sku,keep_current_sku,Current SKU already exists in authoritative reference.
e1029d39-168c-456e-8236-2c9ece4f6f48,ed4e121e-afcc-464b-b384-538d42f98855,Jota 831F Elmas Frez - Kırmızı Kuşak (İnce) Alev / İnce Form Finishing Frezi,JOT-831-FFG-016,JOT-831-FFG-016,Jota 831F Elmas Frez - Kırmızı Kuşak (İnce) Alev / İnce Form Finishing Frezi,exact_sku,keep_current_sku,Current SKU already exists in authoritative reference.
b5efee15-79eb-41fd-9a81-82ec5ea9b076,c8f361f9-ee31-43a3-b592-a330b64e7335,Jota 830F Elmas Frez - Kırmızı Kuşak (İnce) Alev (Flame) Finishing Frezi,JOT-830-FFG-018,JOT-830-FFG-018,Jota 830F Elmas Frez - Kırmızı Kuşak (İnce) Alev (Flame) Finishing Frezi,exact_sku,keep_current_sku,Current SKU already exists in authoritative reference.
4fbf3d66-2a10-4402-ba9c-2c649ba9b35a,e5983f91-6d5c-415d-bf74-2795ece9e75d,Jota 801LG Elmas Frez - Yeşil Kuşak (Kaba) Uzun Boyunlu Yuvarlak (Long Neck Round) Hızlı Preparasyon Frezi,JOT-801L-GFG-012,JOT-801L-GFG-012,Jota 801LG Elmas Frez - Yeşil Kuşak (Kaba) Uzun Boyunlu Yuvarlak (Long Neck Round) Hızlı Preparasyon Frezi,exact_sku,keep_current_sku,Current SKU already exists in authoritative reference.
d85f6387-769d-4b7b-8619-8f84698723b0,7a8be6b1-917e-4507-9a0b-08042bfb124b,Jota 801 Elmas Frez - Mavi Kuşak (Standard) Yuvarlak (Round) Genel Preparasyon Frezi,JOT-801XL-FG-014,JOT-801XL-FG-014,Jota 801 Elmas Frez - Mavi Kuşak (Standard) Yuvarlak (Round) Genel Preparasyon Frezi,exact_sku,keep_current_sku,Current SKU already exists in authoritative reference.
f0e81071-c28c-4be2-aa58-69ef96ef10db,b8eefd24-be05-450d-ae81-4cbc02b8b732,Jota 830EF Elmas Frez - Sarı Extra İnce Alev (Flame) Elmas Frez,JOT-83O-EFFG-021,JOT-83O-EFFG-021,Jota 830EF Elmas Frez - Sarı Extra İnce Alev (Flame) Elmas Frez,exact_sku,keep_current_sku,Current SKU already exists in authoritative reference.
33ecd4ca-33a4-46d4-abd0-0c5a9a95c2af,499f5d8e-7606-46a2-9066-206ed3252f82,Jota 852SG Elmas Frez - Siyah Kuşak (Süper Kaba) İğne / İnce Konik Agresif Preparasyon Frezi,JOT-852-SGFG-018,JOT-852-SGFG-018,Jota 852SG Elmas Frez - Siyah Kuşak (Süper Kaba) İğne / İnce Konik Agresif Preparasyon Frezi,exact_sku,keep_current_sku,Current SKU already exists in authoritative reference.
d1cfa610-f4c2-472a-9e13-9fa71c09ab7f,03e1c613-c12b-4e6a-99e4-1c3851c17342,Jota 859G Elmas Frez - Yeşil Kuşak (Kaba) Uzun İğne Hızlı Preparasyon Frezi,JOT-859-GFG-012,JOT-859-GFG-012,Jota 859G Elmas Frez - Yeşil Kuşak (Kaba) Uzun İğne Hızlı Preparasyon Frezi,exact_sku,keep_current_sku,Current SKU already exists in authoritative reference.
92b21632-a638-4031-9aa7-35a70ec610fe,bed40a8f-9eef-4d12-874b-a5b23969f1a0,Jota 852G Elmas Frez - Yeşil Kuşak (Kaba) İğne / İnce Konik Hızlı Preparasyon Frezi,JOT-852-GFG-012,JOT-852-GFG-012,Jota 852G Elmas Frez - Yeşil Kuşak (Kaba) İğne / İnce Konik Hızlı Preparasyon Frezi,exact_sku,keep_current_sku,Current SKU already exists in authoritative reference.
032e9693-3142-421b-af6e-9c5cfd37618e,9b8882a4-dcfe-4909-af5e-8bfda695d45f,Jota 852F Elmas Frez - Kırmızı Kuşak (İnce) İğne / İnce Konik Finishing Frezi,JOT-852-FFG-016,JOT-852-FFG-016,Jota 852F Elmas Frez - Kırmızı Kuşak (İnce) İğne / İnce Konik Finishing Frezi,exact_sku,keep_current_sku,Current SKU already exists in authoritative reference.
cf2ec71f-d21a-4ba9-ba53-a51cd6f0055e,f72c6590-f4d9-4eb7-9fdd-5efa26af1633,Jota 859EF Elmas Frez - Sarı Extra İnce Uzun İğne Elmas Frez,JOT-859-EFFG-014,JOT-859-EFFG-014,Jota 859EF Elmas Frez - Sarı Extra İnce Uzun İğne Elmas Frez,exact_sku,keep_current_sku,Current SKU already exists in authoritative reference.
fc96c644-78f3-4ca2-9650-964bec53da3a,2d57d649-c08d-4144-93c2-cb84e08f6d27,Jota 848 Elmas Frez - Mavi Kuşak (Standard) Konik Genel Preparasyon Frezi,JOT-848-FG-018,JOT-848-FG-018,Jota 848 Elmas Frez - Mavi Kuşak (Standard) Konik Genel Preparasyon Frezi,exact_sku,keep_current_sku,Current SKU already exists in authoritative reference.
ff1be5c9-0151-4e99-a299-2bc07171be0a,4f97398b-03b4-472f-8842-a09bca102345,Jota 850G Elmas Frez - Yeşil Kuşak (Kaba) İnce Konik Hızlı Preparasyon Frezi,JOT-850-GFG-018,JOT-850-GFG-018,Jota 850G Elmas Frez - Yeşil Kuşak (Kaba) İnce Konik Hızlı Preparasyon Frezi,exact_sku,keep_current_sku,Current SKU already exists in authoritative reference.
07d6cb8d-9950-4799-ba44-5607a9c0cc01,f72c6590-f4d9-4eb7-9fdd-5efa26af1633,Jota 859EF Elmas Frez - Sarı Extra İnce Uzun İğne Elmas Frez,JOT-859-EFFG-010,JOT-859-EFFG-010,Jota 859EF Elmas Frez - Sarı Extra İnce Uzun İğne Elmas Frez,exact_sku,keep_current_sku,Current SKU already exists in authoritative reference.
7b52c660-256a-4c37-843d-4a1e6b77b985,bed40a8f-9eef-4d12-874b-a5b23969f1a0,Jota 852G Elmas Frez - Yeşil Kuşak (Kaba) İğne / İnce Konik Hızlı Preparasyon Frezi,JOT-852-GFG-014,JOT-852-GFG-014,Jota 852G Elmas Frez - Yeşil Kuşak (Kaba) İğne / İnce Konik Hızlı Preparasyon Frezi,exact_sku,keep_current_sku,Current SKU already exists in authoritative reference.
7965a287-00d3-40b3-8d5f-b3b116661630,9daa6d8d-7952-442b-9d15-3ff17a52bb2e,Jota 852 Elmas Frez - Mavi Kuşak (Standard) İğne / İnce Konik Genel Preparasyon Frezi,JOT-852-FG-018,JOT-852-FG-018,Jota 852 Elmas Frez - Mavi Kuşak (Standard) İğne / İnce Konik Genel Preparasyon Frezi,exact_sku,keep_current_sku,Current SKU already exists in authoritative reference.
e9c3460b-9fcc-437c-8aca-4cf70ab3ce19,f7ff8876-e7f8-4e4b-bc27-d53e17d6f7a7,Jota 859F Elmas Frez - Kırmızı Kuşak (İnce) Uzun İğne Finishing Frezi,JOT-859-FFG-010,JOT-859-FFG-010,Jota 859F Elmas Frez - Kırmızı Kuşak (İnce) Uzun İğne Finishing Frezi,exact_sku,keep_current_sku,Current SKU already exists in authoritative reference.
4dfa7ead-7e9c-4f75-a44f-29c70592f07c,499f5d8e-7606-46a2-9066-206ed3252f82,Jota 852SG Elmas Frez - Siyah Kuşak (Süper Kaba) İğne / İnce Konik Agresif Preparasyon Frezi,JOT-852-SGFG-016,JOT-852-SGFG-016,Jota 852SG Elmas Frez - Siyah Kuşak (Süper Kaba) İğne / İnce Konik Agresif Preparasyon Frezi,exact_sku,keep_current_sku,Current SKU already exists in authoritative reference.
8d5939ae-424c-4cc1-a276-585406d82e46,ff65797d-1f71-4f51-8723-2597f5198219,Jota 850 Elmas Frez - Mavi Kuşak (Standard) İnce Konik Genel Preparasyon Frezi,JOT-850-FG-018,JOT-850-FG-018,Jota 850 Elmas Frez - Mavi Kuşak (Standard) İnce Konik Genel Preparasyon Frezi,exact_sku,keep_current_sku,Current SKU already exists in authoritative reference.
881a5e81-e256-4f20-8b57-186641235d96,fbf133ea-c893-4a3b-84be-6c4fd077bdec,Jota 850F Elmas Frez - Kırmızı Kuşak (İnce) İnce Konik Finishing Frezi,JOT-850-FFG-014,JOT-850-FFG-014,Jota 850F Elmas Frez - Kırmızı Kuşak (İnce) İnce Konik Finishing Frezi,exact_sku,keep_current_sku,Current SKU already exists in authoritative reference.
8c5f980f-5ce6-4302-bb48-cfc3e9202108,35d30c26-ca04-4fd9-a3f5-137d112539f0,Jota 859 Elmas Frez - Mavi Kuşak (Standard) Uzun İğne Genel Preparasyon Frezi,JOT-859-FG-012,JOT-859-FG-012,Jota 859 Elmas Frez - Mavi Kuşak (Standard) Uzun İğne Genel Preparasyon Frezi,exact_sku,keep_current_sku,Current SKU already exists in authoritative reference.
69282611-9cbf-4f21-9a68-82993e7db19d,c0e0bad7-7773-415f-8ca7-eff9a89245d3,Jota 859L Elmas Frez - Mavi Kuşak (Standard) Extra Uzun İğne Genel Preparasyon Frezi,JOT-859L-FG-010,JOT-859L-FG-010,Jota 859L Elmas Frez - Mavi Kuşak (Standard) Extra Uzun İğne Genel Preparasyon Frezi,exact_sku,keep_current_sku,Current SKU already exists in authoritative reference.
6ed86787-bbde-42fa-80a1-24ab5c3aa1df,21ac9078-022f-4642-8152-4a0f2f7d63ad,Jota 837L Elmas Frez - Mavi Kuşak (Standard) Uzun Silindirik Genel Preparasyon Frezi,JOT-837L-FG-012,JOT-837L-FG-012,Jota 837L Elmas Frez - Mavi Kuşak (Standard) Uzun Silindirik Genel Preparasyon Frezi,exact_sku,keep_current_sku,Current SKU already exists in authoritative reference.
6726754d-24ff-408d-950b-04437b05c327,7a8be6b1-917e-4507-9a0b-08042bfb124b,Jota 801 Elmas Frez - Mavi Kuşak (Standard) Yuvarlak (Round) Genel Preparasyon Frezi,JOT-801XL-FG-018,JOT-801XL-FG-018,Jota 801 Elmas Frez - Mavi Kuşak (Standard) Yuvarlak (Round) Genel Preparasyon Frezi,exact_sku,keep_current_sku,Current SKU already exists in authoritative reference.
16d83a4c-3d65-4fd1-864d-59dee797c819,b8eefd24-be05-450d-ae81-4cbc02b8b732,Jota 830EF Elmas Frez - Sarı Extra İnce Alev (Flame) Elmas Frez,JOT-83O-EFFG-023,JOT-83O-EFFG-023,Jota 830EF Elmas Frez - Sarı Extra İnce Alev (Flame) Elmas Frez,exact_sku,keep_current_sku,Current SKU already exists in authoritative reference.
0c36669f-d6bf-4724-9741-1d6bf476e238,2d57d649-c08d-4144-93c2-cb84e08f6d27,Jota 848 Elmas Frez - Mavi Kuşak (Standard) Konik Genel Preparasyon Frezi,JOT-848-FG-014,JOT-848-FG-014,Jota 848 Elmas Frez - Mavi Kuşak (Standard) Konik Genel Preparasyon Frezi,exact_sku,keep_current_sku,Current SKU already exists in authoritative reference.
a422b730-8edd-411b-8bd0-24e7d02c2224,2c274b4c-2f17-4d0d-a843-e2196770e31e,Jota 837LG Elmas Frez - Yeşil Kuşak (Kaba) Uzun Silindirik Hızlı Preparasyon Frezi,JOT-837L-GFG-014,JOT-837L-GFG-014,Jota 837LG Elmas Frez - Yeşil Kuşak (Kaba) Uzun Silindirik Hızlı Preparasyon Frezi,exact_sku,keep_current_sku,Current SKU already exists in authoritative reference.
d1f2fd4a-8660-4082-8781-ad2a1e18afdc,f7ff8876-e7f8-4e4b-bc27-d53e17d6f7a7,Jota 859F Elmas Frez - Kırmızı Kuşak (İnce) Uzun İğne Finishing Frezi,JOT-859-FFG-012,JOT-859-FFG-012,Jota 859F Elmas Frez - Kırmızı Kuşak (İnce) Uzun İğne Finishing Frezi,exact_sku,keep_current_sku,Current SKU already exists in authoritative reference.
7139ef80-d45b-4eb7-b853-9d0a3083b54c,ff65797d-1f71-4f51-8723-2597f5198219,Jota 850 Elmas Frez - Mavi Kuşak (Standard) İnce Konik Genel Preparasyon Frezi,JOT-850-FG-016,JOT-850-FG-016,Jota 850 Elmas Frez - Mavi Kuşak (Standard) İnce Konik Genel Preparasyon Frezi,exact_sku,keep_current_sku,Current SKU already exists in authoritative reference.
cf0a32b1-5146-4b8a-855e-ada65afb6d3a,9daa6d8d-7952-442b-9d15-3ff17a52bb2e,Jota 852 Elmas Frez - Mavi Kuşak (Standard) İğne / İnce Konik Genel Preparasyon Frezi,JOT-852-FG-012,JOT-852-FG-012,Jota 852 Elmas Frez - Mavi Kuşak (Standard) İğne / İnce Konik Genel Preparasyon Frezi,exact_sku,keep_current_sku,Current SKU already exists in authoritative reference.
3ab62005-d239-46b5-8d28-c63c8253fb1c,21ac9078-022f-4642-8152-4a0f2f7d63ad,Jota 837L Elmas Frez - Mavi Kuşak (Standard) Uzun Silindirik Genel Preparasyon Frezi,JOT-837L-FG-016,JOT-837L-FG-016,Jota 837L Elmas Frez - Mavi Kuşak (Standard) Uzun Silindirik Genel Preparasyon Frezi,exact_sku,keep_current_sku,Current SKU already exists in authoritative reference.
3ddd6dad-06d2-4313-ae8e-94b133978987,54695448-bf2d-471b-b49e-d8c255f1d752,Jota 862EF Elmas Frez - Sarı Extra İnce Konik Elmas Frez,JOT-862-EFFG-014,JOT-862-EFFG-014,Jota 862EF Elmas Frez - Sarı Extra İnce Konik Elmas Frez,exact_sku,keep_current_sku,Current SKU already exists in authoritative reference.
70b6337a-e80c-425d-bcb4-d9c2a9a9cf35,08fa8160-d80b-4e28-9df9-19ddfc787401,Jota 833EF Elmas Frez - Sarı Extra İnce Armut / Torpido Elmas Frez,JOT-833-EFG-023,JOT-833-EFG-023,Jota 833EF Elmas Frez - Sarı Extra İnce Armut / Torpido Elmas Frez,exact_sku,keep_current_sku,Current SKU already exists in authoritative reference.
21b838b6-cec0-47eb-b314-406aa4743da4,7a8be6b1-917e-4507-9a0b-08042bfb124b,Jota 801 Elmas Frez - Mavi Kuşak (Standard) Yuvarlak (Round) Genel Preparasyon Frezi,JOT-801-FG-008,JOT-801-FG-008,Jota 801 Elmas Frez - Mavi Kuşak (Standard) Yuvarlak (Round) Genel Preparasyon Frezi,exact_sku,keep_current_sku,Current SKU already exists in authoritative reference.
638dceac-0c51-481b-a97a-abbb25b793b9,094e4712-586e-4d64-affc-451bc2ca9a1f,Jota 801G Elmas Frez - Yeşil Kuşak (Kaba) Yuvarlak (Round) Hızlı Preparasyon Frezi,JOT-801-GFG-016,JOT-801-GFG-016,Jota 801G Elmas Frez - Yeşil Kuşak (Kaba) Yuvarlak (Round) Hızlı Preparasyon Frezi,exact_sku,keep_current_sku,Current SKU already exists in authoritative reference.
b5c7322f-de25-4f11-acb5-5b732fd255eb,9b070322-5a6b-4b53-aaca-f53e33788fdc,Jota 845R Elmas Frez - Mavi Kuşak (Standard) Yuvarlatılmış Uçlu Silindirik Genel Preparasyon Frezi,JOT-845R-FG-018,JOT-845R-FG-018,Jota 845R Elmas Frez - Mavi Kuşak (Standard) Yuvarlatılmış Uçlu Silindirik Genel Preparasyon Frezi,exact_sku,keep_current_sku,Current SKU already exists in authoritative reference.
d0bd779f-a1d8-4779-aa9a-227b1c32e707,c0e0bad7-7773-415f-8ca7-eff9a89245d3,Jota 859L Elmas Frez - Mavi Kuşak (Standard) Extra Uzun İğne Genel Preparasyon Frezi,JOT-859L-FG-014,JOT-859L-FG-014,Jota 859L Elmas Frez - Mavi Kuşak (Standard) Extra Uzun İğne Genel Preparasyon Frezi,exact_sku,keep_current_sku,Current SKU already exists in authoritative reference.
9e6bf350-83b1-47d4-ac8a-e60859a1752b,add5bcfa-e618-43be-9d13-4013f4e4a69e,Jota 805 Elmas Frez - Mavi Kuşak (Standard) Ters Konik (Inverted Cone) Genel Preparasyon Frezi,JOT-805-FG-010,JOT-805-FG-010,Jota 805 Elmas Frez - Mavi Kuşak (Standard) Ters Konik (Inverted Cone) Genel Preparasyon Frezi,exact_sku,keep_current_sku,Current SKU already exists in authoritative reference.
b25e435c-708d-4c77-95da-4a5588112181,0061db5a-be9c-46f4-b388-48d667cd35d7,Jota 9834 Kompozit Cilalama Ucu (Polisher) - Step 2,JOT-9834-RA-POL,JOT-9834-RA-POL,Jota 9834 Kompozit Cilalama Ucu (Polisher) - Step 2,exact_sku,keep_current_sku,Current SKU already exists in authoritative reference.
de65d55b-c386-4f71-b7e5-a393b03eb898,110fa8c4-2fba-4843-98e7-b3b065e7bc22,Jota 833F Elmas Frez - Kırmızı Kuşak (İnce) Armut / Torpido Finishing Frezi,JOT-833-FFG-014,JOT-833-FFG-014,Jota 833F Elmas Frez - Kırmızı Kuşak (İnce) Armut / Torpido Finishing Frezi,exact_sku,keep_current_sku,Current SKU already exists in authoritative reference.
43c5b2bc-a425-4d5b-a274-17a830a0e5be,0da0e71a-9791-4c9a-953f-55960f7e8d99,Jota 558F Elmas Frez - Kırmızı Kuşak (İnce) Silindirik Uzun Finishing Frezi,JOT-558-FFG-015,JOT-558-FFG-015,Jota 558F Elmas Frez - Kırmızı Kuşak (İnce) Silindirik Uzun Finishing Frezi,exact_sku,keep_current_sku,Current SKU already exists in authoritative reference.
84174782-7f9f-434d-9025-c4590d6015a8,7a8be6b1-917e-4507-9a0b-08042bfb124b,Jota 801 Elmas Frez - Mavi Kuşak (Standard) Yuvarlak (Round) Genel Preparasyon Frezi,JOT-801-FG-012,JOT-801-FG-012,Jota 801 Elmas Frez - Mavi Kuşak (Standard) Yuvarlak (Round) Genel Preparasyon Frezi,exact_sku,keep_current_sku,Current SKU already exists in authoritative reference.
e3f4fb0e-0942-4ffd-9c64-e1d2249e26bf,505c6780-c3ed-4582-8daf-83779de86c74,Jota 801SG Elmas Frez - Siyah Kuşak (Süper Kaba) Yuvarlak (Round) Agresif Preparasyon Frezi,JOT-801-SGFG-018,JOT-801-SGFG-018,Jota 801SG Elmas Frez - Siyah Kuşak (Süper Kaba) Yuvarlak (Round) Agresif Preparasyon Frezi,exact_sku,keep_current_sku,Current SKU already exists in authoritative reference.
703aec1f-f387-44fa-9b30-69996d03edd7,110fa8c4-2fba-4843-98e7-b3b065e7bc22,Jota 833F Elmas Frez - Kırmızı Kuşak (İnce) Armut / Torpido Finishing Frezi,JOT-833-FFG-023,JOT-833-FFG-023,Jota 833F Elmas Frez - Kırmızı Kuşak (İnce) Armut / Torpido Finishing Frezi,exact_sku,keep_current_sku,Current SKU already exists in authoritative reference.
e2483a51-9395-4fc6-875d-e31c0cf067b0,fb9e1d56-c036-4f05-8ea9-5433c8397491,Jota 833G Elmas Frez - Yeşil Kuşak (Kaba) Armut / Torpido Hızlı Preparasyon Frezi,JOT-833-GFG-018,JOT-833-GFG-018,Jota 833G Elmas Frez - Yeşil Kuşak (Kaba) Armut / Torpido Hızlı Preparasyon Frezi,exact_sku,keep_current_sku,Current SKU already exists in authoritative reference.
a1b44da9-2c40-4652-9874-dfe571b18a72,7a8be6b1-917e-4507-9a0b-08042bfb124b,Jota 801 Elmas Frez - Mavi Kuşak (Standard) Yuvarlak (Round) Genel Preparasyon Frezi,JOT-801-FG-023,JOT-801-FG-023,Jota 801 Elmas Frez - Mavi Kuşak (Standard) Yuvarlak (Round) Genel Preparasyon Frezi,exact_sku,keep_current_sku,Current SKU already exists in authoritative reference.
3cfa7524-100d-4c9e-a4d5-a1dc0d84138e,9b070322-5a6b-4b53-aaca-f53e33788fdc,Jota 845R Elmas Frez - Mavi Kuşak (Standard) Yuvarlatılmış Uçlu Silindirik Genel Preparasyon Frezi,JOT-845R-FG-025,JOT-845R-FG-025,Jota 845R Elmas Frez - Mavi Kuşak (Standard) Yuvarlatılmış Uçlu Silindirik Genel Preparasyon Frezi,exact_sku,keep_current_sku,Current SKU already exists in authoritative reference.
ca9a7862-94b5-4dc5-87e6-fb143fc4e1b9,2668f3ea-7204-4460-8d2a-93b4b9565f90,Jota 9831 Kompozit Cilalama Ucu (Polisher) - Step 2,JOT-9831-RA-POL,JOT-9831-RA-POL,Jota 9831 Kompozit Cilalama Ucu (Polisher) - Step 2,exact_sku,keep_current_sku,Current SKU already exists in authoritative reference.
2e88e9f5-a7b5-4d4b-98b5-3faffabf74ef,bd26cf76-7321-4889-93bb-d4d7cbdda81f,Jota 558 Elmas Frez - Mavi Kuşak (Standard) Silindirik Uzun Genel Preparasyon Frezi,JOT-558-FG-015,JOT-558-FG-015,Jota 558 Elmas Frez - Mavi Kuşak (Standard) Silindirik Uzun Genel Preparasyon Frezi,exact_sku,keep_current_sku,Current SKU already exists in authoritative reference.
81d1e5ba-ecc9-4978-aeef-c951459010b8,add5bcfa-e618-43be-9d13-4013f4e4a69e,Jota 805 Elmas Frez - Mavi Kuşak (Standard) Ters Konik (Inverted Cone) Genel Preparasyon Frezi,JOT-805-FG-016,JOT-805-FG-016,Jota 805 Elmas Frez - Mavi Kuşak (Standard) Ters Konik (Inverted Cone) Genel Preparasyon Frezi,exact_sku,keep_current_sku,Current SKU already exists in authoritative reference.
f5b2737b-e66c-4667-b697-abd417dc1851,e5983f91-6d5c-415d-bf74-2795ece9e75d,Jota 801LG Elmas Frez - Yeşil Kuşak (Kaba) Uzun Boyunlu Yuvarlak (Long Neck Round) Hızlı Preparasyon Frezi,JOT-801L-GFG-014,JOT-801L-GFG-014,Jota 801LG Elmas Frez - Yeşil Kuşak (Kaba) Uzun Boyunlu Yuvarlak (Long Neck Round) Hızlı Preparasyon Frezi,exact_sku,keep_current_sku,Current SKU already exists in authoritative reference.
ed397f95-c0c2-46fb-b0df-062ff4a1d7cb,58415806-1f0a-4a2a-8da1-92329556676d,Jota 801L Elmas Frez - Mavi Kuşak (Standard) Uzun Boyunlu Yuvarlak (Long Neck Round) Genel Preparasyon Frezi,JOT-801L-FG-012,JOT-801L-FG-012,Jota 801L Elmas Frez - Mavi Kuşak (Standard) Uzun Boyunlu Yuvarlak (Long Neck Round) Genel Preparasyon Frezi,exact_sku,keep_current_sku,Current SKU already exists in authoritative reference.
50d6253b-a875-4a68-85c4-9c520c662e0f,302707c0-9627-45c3-a23a-c2e772112a03,Jota 830G Elmas Frez - Yeşil Kuşak (Kaba) Alev (Flame) Hızlı Preparasyon Frezi,JOT-830-GFG-016,JOT-830-GFG-016,Jota 830G Elmas Frez - Yeşil Kuşak (Kaba) Alev (Flame) Hızlı Preparasyon Frezi,exact_sku,keep_current_sku,Current SKU already exists in authoritative reference.
92454c1a-2276-4206-83cd-8ca38236dfcb,6395d633-087d-4049-8651-2c0ea8080188,Jota 820F Elmas Frez - Kırmızı Kuşak (İnce) Tomurcuk / Fine Finishing Frezi,JOT-820-FFG-016,JOT-820-FFG-016,Jota 820F Elmas Frez - Kırmızı Kuşak (İnce) Tomurcuk / Fine Finishing Frezi,exact_sku,keep_current_sku,Current SKU already exists in authoritative reference.
ec986d0a-ff6b-4220-b894-2579dd11718c,dfbc8551-8357-426c-a03e-2485a0e48074,Jota 834 Elmas Frez - Mavi Kuşak (Lamine) Mikro Silindirik Genel Preparasyon Frezi,JOT-834-FG-016,JOT-834-FG-016,Jota 834 Elmas Frez - Mavi Kuşak (Lamine) Mikro Silindirik Genel Preparasyon Frezi,exact_sku,keep_current_sku,Current SKU already exists in authoritative reference.
0d2d83d5-1d05-479f-aef6-7c667669b497,094e4712-586e-4d64-affc-451bc2ca9a1f,Jota 801G Elmas Frez - Yeşil Kuşak (Kaba) Yuvarlak (Round) Hızlı Preparasyon Frezi,JOT-801-GFG-018,JOT-801-GFG-018,Jota 801G Elmas Frez - Yeşil Kuşak (Kaba) Yuvarlak (Round) Hızlı Preparasyon Frezi,exact_sku,keep_current_sku,Current SKU already exists in authoritative reference.
2475c547-3743-42d8-9620-b813b5e2d5ec,c8d6df0a-d813-4b20-8af0-cad3d17e4241,Jota 835 Elmas Frez - Mavi Kuşak (Standard) Silindirik Genel Preparasyon Frezi,JOT-835-FG-012,JOT-835-FG-012,Jota 835 Elmas Frez - Mavi Kuşak (Standard) Silindirik Genel Preparasyon Frezi,exact_sku,keep_current_sku,Current SKU already exists in authoritative reference.
8cdcf42c-ece8-4c98-befd-96fb7d15d041,8654fe35-13b5-4320-a408-e1062a1ee7a5,Jota 830 Elmas Frez - Mavi Kuşak (Standard) Alev (Flame) Genel Preparasyon Frezi,JOT-830-FG-018,JOT-830-FG-018,Jota 830 Elmas Frez - Mavi Kuşak (Standard) Alev (Flame) Genel Preparasyon Frezi,exact_sku,keep_current_sku,Current SKU already exists in authoritative reference.
c00f1588-f158-40f9-bea7-69cf45bfcac3,58415806-1f0a-4a2a-8da1-92329556676d,Jota 801L Elmas Frez - Mavi Kuşak (Standard) Uzun Boyunlu Yuvarlak (Long Neck Round) Genel Preparasyon Frezi,JOT-801L-FG-016,JOT-801L-FG-016,Jota 801L Elmas Frez - Mavi Kuşak (Standard) Uzun Boyunlu Yuvarlak (Long Neck Round) Genel Preparasyon Frezi,exact_sku,keep_current_sku,Current SKU already exists in authoritative reference.
bb95af0b-3189-4b3e-b1e7-f3a7a985d533,c8f361f9-ee31-43a3-b592-a330b64e7335,Jota 830F Elmas Frez - Kırmızı Kuşak (İnce) Alev (Flame) Finishing Frezi,JOT-830-FFG-021,JOT-830-FFG-021,Jota 830F Elmas Frez - Kırmızı Kuşak (İnce) Alev (Flame) Finishing Frezi,exact_sku,keep_current_sku,Current SKU already exists in authoritative reference.
b1b184b9-16f1-4b17-a5e7-9990f5d12049,fbf133ea-c893-4a3b-84be-6c4fd077bdec,Jota 850F Elmas Frez - Kırmızı Kuşak (İnce) İnce Konik Finishing Frezi,JOT-850-FFG-018,JOT-850-FFG-018,Jota 850F Elmas Frez - Kırmızı Kuşak (İnce) İnce Konik Finishing Frezi,exact_sku,keep_current_sku,Current SKU already exists in authoritative reference.
d923b144-d273-4fb8-8e5b-9df817ee7bf9,094e4712-586e-4d64-affc-451bc2ca9a1f,Jota 801G Elmas Frez - Yeşil Kuşak (Kaba) Yuvarlak (Round) Hızlı Preparasyon Frezi,JOT-801-GFG-021,JOT-801-GFG-021,Jota 801G Elmas Frez - Yeşil Kuşak (Kaba) Yuvarlak (Round) Hızlı Preparasyon Frezi,exact_sku,keep_current_sku,Current SKU already exists in authoritative reference.
8b9e5c39-ca51-4f2b-854d-75b4a95c2c70,add5bcfa-e618-43be-9d13-4013f4e4a69e,Jota 805 Elmas Frez - Mavi Kuşak (Standard) Ters Konik (Inverted Cone) Genel Preparasyon Frezi,JOT-805-FG-012,JOT-805-FG-012,Jota 805 Elmas Frez - Mavi Kuşak (Standard) Ters Konik (Inverted Cone) Genel Preparasyon Frezi,exact_sku,keep_current_sku,Current SKU already exists in authoritative reference.
e30c5a3a-5e60-4efe-97e3-455c011a4406,9daa6d8d-7952-442b-9d15-3ff17a52bb2e,Jota 852 Elmas Frez - Mavi Kuşak (Standard) İğne / İnce Konik Genel Preparasyon Frezi,JOT-852-FG-016,JOT-852-FG-016,Jota 852 Elmas Frez - Mavi Kuşak (Standard) İğne / İnce Konik Genel Preparasyon Frezi,exact_sku,keep_current_sku,Current SKU already exists in authoritative reference.
84995940-764d-490d-a016-1f32c14af528,54695448-bf2d-471b-b49e-d8c255f1d752,Jota 862EF Elmas Frez - Sarı Extra İnce Konik Elmas Frez,JOT-862-EFFG-010,JOT-862-EFFG-010,Jota 862EF Elmas Frez - Sarı Extra İnce Konik Elmas Frez,exact_sku,keep_current_sku,Current SKU already exists in authoritative reference.
27d5a091-258b-46dc-86a9-5d9c06597b80,34a66256-1b6c-47c8-972d-8ab962e9f037,Jota ZIR9863M Zirkonya Cilalama Ucu (Polisher) - Step 1,JOT-ZIR9863M-RA-POL,JOT-ZIR9863M-RA-POL,Jota ZIR9863M Zirkonya Cilalama Ucu (Polisher) - Step 1,exact_sku,keep_current_sku,Current SKU already exists in authoritative reference.
5224c35c-88b8-4c5f-a8fd-f153179d318c,499f5d8e-7606-46a2-9066-206ed3252f82,Jota 852SG Elmas Frez - Siyah Kuşak (Süper Kaba) İğne / İnce Konik Agresif Preparasyon Frezi,JOT-852-SGFG-014,JOT-852-SGFG-014,Jota 852SG Elmas Frez - Siyah Kuşak (Süper Kaba) İğne / İnce Konik Agresif Preparasyon Frezi,exact_sku,keep_current_sku,Current SKU already exists in authoritative reference.
6f63d83e-ac81-4a75-81a3-320f059e5c06,2c274b4c-2f17-4d0d-a843-e2196770e31e,Jota 837LG Elmas Frez - Yeşil Kuşak (Kaba) Uzun Silindirik Hızlı Preparasyon Frezi,JOT-837L-GFG-012,JOT-837L-GFG-012,Jota 837LG Elmas Frez - Yeşil Kuşak (Kaba) Uzun Silindirik Hızlı Preparasyon Frezi,exact_sku,keep_current_sku,Current SKU already exists in authoritative reference.
278ed01c-c04c-4fa6-8377-0a70ba0b2862,2d57d649-c08d-4144-93c2-cb84e08f6d27,Jota 848 Elmas Frez - Mavi Kuşak (Standard) Konik Genel Preparasyon Frezi,JOT-848-FG-016,JOT-848-FG-016,Jota 848 Elmas Frez - Mavi Kuşak (Standard) Konik Genel Preparasyon Frezi,exact_sku,keep_current_sku,Current SKU already exists in authoritative reference.
04ae6d84-0b4a-41af-aa85-4567a2e4ab5d,bed40a8f-9eef-4d12-874b-a5b23969f1a0,Jota 852G Elmas Frez - Yeşil Kuşak (Kaba) İğne / İnce Konik Hızlı Preparasyon Frezi,JOT-852-GFG-018,JOT-852-GFG-018,Jota 852G Elmas Frez - Yeşil Kuşak (Kaba) İğne / İnce Konik Hızlı Preparasyon Frezi,exact_sku,keep_current_sku,Current SKU already exists in authoritative reference.
72d51a91-5a04-4592-9292-5ad413251d56,03e1c613-c12b-4e6a-99e4-1c3851c17342,Jota 859G Elmas Frez - Yeşil Kuşak (Kaba) Uzun İğne Hızlı Preparasyon Frezi,JOT-859-GFG-014,JOT-859-GFG-014,Jota 859G Elmas Frez - Yeşil Kuşak (Kaba) Uzun İğne Hızlı Preparasyon Frezi,exact_sku,keep_current_sku,Current SKU already exists in authoritative reference.
71d17829-907a-41c6-bc68-a4be172484a0,094e4712-586e-4d64-affc-451bc2ca9a1f,Jota 801G Elmas Frez - Yeşil Kuşak (Kaba) Yuvarlak (Round) Hızlı Preparasyon Frezi,JOT-801-GFG-023,JOT-801-GFG-023,Jota 801G Elmas Frez - Yeşil Kuşak (Kaba) Yuvarlak (Round) Hızlı Preparasyon Frezi,exact_sku,keep_current_sku,Current SKU already exists in authoritative reference.
e79b5af7-3ef0-4f44-83ec-eb9bd3e4c281,ff65797d-1f71-4f51-8723-2597f5198219,Jota 850 Elmas Frez - Mavi Kuşak (Standard) İnce Konik Genel Preparasyon Frezi,JOT-850-FG-014,JOT-850-FG-014,Jota 850 Elmas Frez - Mavi Kuşak (Standard) İnce Konik Genel Preparasyon Frezi,exact_sku,keep_current_sku,Current SKU already exists in authoritative reference.
c583d9c5-d94c-418f-89e2-c44262cfb675,4f97398b-03b4-472f-8842-a09bca102345,Jota 850G Elmas Frez - Yeşil Kuşak (Kaba) İnce Konik Hızlı Preparasyon Frezi,JOT-850-GFG-016,JOT-850-GFG-016,Jota 850G Elmas Frez - Yeşil Kuşak (Kaba) İnce Konik Hızlı Preparasyon Frezi,exact_sku,keep_current_sku,Current SKU already exists in authoritative reference.
4325644c-57f1-4749-8793-51a6fac3356a,9b8882a4-dcfe-4909-af5e-8bfda695d45f,Jota 852F Elmas Frez - Kırmızı Kuşak (İnce) İğne / İnce Konik Finishing Frezi,JOT-852-FFG-018,JOT-852-FFG-018,Jota 852F Elmas Frez - Kırmızı Kuşak (İnce) İğne / İnce Konik Finishing Frezi,exact_sku,keep_current_sku,Current SKU already exists in authoritative reference.
f4f84dd3-6e77-4195-a042-7fa13bf1c187,54695448-bf2d-471b-b49e-d8c255f1d752,Jota 862EF Elmas Frez - Sarı Extra İnce Konik Elmas Frez,JOT-862-EFFG-012,JOT-862-EFFG-012,Jota 862EF Elmas Frez - Sarı Extra İnce Konik Elmas Frez,exact_sku,keep_current_sku,Current SKU already exists in authoritative reference.
c3f2187f-5ece-4101-affd-b02e0cd625c4,fbf133ea-c893-4a3b-84be-6c4fd077bdec,Jota 850F Elmas Frez - Kırmızı Kuşak (İnce) İnce Konik Finishing Frezi,JOT-850-FFG-016,JOT-850-FFG-016,Jota 850F Elmas Frez - Kırmızı Kuşak (İnce) İnce Konik Finishing Frezi,exact_sku,keep_current_sku,Current SKU already exists in authoritative reference.
4efefdc1-9f43-4bcd-9cee-e907da78137c,9b8882a4-dcfe-4909-af5e-8bfda695d45f,Jota 852F Elmas Frez - Kırmızı Kuşak (İnce) İğne / İnce Konik Finishing Frezi,JOT-852-FFG-012,JOT-852-FFG-012,Jota 852F Elmas Frez - Kırmızı Kuşak (İnce) İğne / İnce Konik Finishing Frezi,exact_sku,keep_current_sku,Current SKU already exists in authoritative reference.
1e459799-54cf-4062-ab1d-e77f145c77d8,55b24753-18d7-4545-a8b0-f5b40977a07b,Jota 851L Elmas Frez - Mavi Kuşak (Standard) Uzun İnce Konik Genel Preparasyon Frezi,JOT-851L-FG-016,JOT-851L-FG-016,Jota 851L Elmas Frez - Mavi Kuşak (Standard) Uzun İnce Konik Genel Preparasyon Frezi,exact_sku,keep_current_sku,Current SKU already exists in authoritative reference.
f1cfc654-6437-44db-9249-2af8f2b1e443,f7ff8876-e7f8-4e4b-bc27-d53e17d6f7a7,Jota 859F Elmas Frez - Kırmızı Kuşak (İnce) Uzun İğne Finishing Frezi,JOT-859-FFG-014,JOT-859-FFG-014,Jota 859F Elmas Frez - Kırmızı Kuşak (İnce) Uzun İğne Finishing Frezi,exact_sku,keep_current_sku,Current SKU already exists in authoritative reference.
fbadab18-8f43-48c2-87f5-328700915744,f72c6590-f4d9-4eb7-9fdd-5efa26af1633,Jota 859EF Elmas Frez - Sarı Extra İnce Uzun İğne Elmas Frez,JOT-859-EFFG-012,JOT-859-EFFG-012,Jota 859EF Elmas Frez - Sarı Extra İnce Uzun İğne Elmas Frez,exact_sku,keep_current_sku,Current SKU already exists in authoritative reference.
130c1985-97d6-410e-b9b4-9e4157dd1df4,bed40a8f-9eef-4d12-874b-a5b23969f1a0,Jota 852G Elmas Frez - Yeşil Kuşak (Kaba) İğne / İnce Konik Hızlı Preparasyon Frezi,JOT-852-GFG-016,JOT-852-GFG-016,Jota 852G Elmas Frez - Yeşil Kuşak (Kaba) İğne / İnce Konik Hızlı Preparasyon Frezi,exact_sku,keep_current_sku,Current SKU already exists in authoritative reference.
1b0f61fe-47ed-43e0-bc7e-6b696f983dc8,2c274b4c-2f17-4d0d-a843-e2196770e31e,Jota 837LG Elmas Frez - Yeşil Kuşak (Kaba) Uzun Silindirik Hızlı Preparasyon Frezi,JOT-837L-GFG-016,JOT-837L-GFG-016,Jota 837LG Elmas Frez - Yeşil Kuşak (Kaba) Uzun Silindirik Hızlı Preparasyon Frezi,exact_sku,keep_current_sku,Current SKU already exists in authoritative reference.
9cba431c-ef68-4bb1-a002-559ec4f60c7e,35d30c26-ca04-4fd9-a3f5-137d112539f0,Jota 859 Elmas Frez - Mavi Kuşak (Standard) Uzun İğne Genel Preparasyon Frezi,JOT-859-FG-014,JOT-859-FG-014,Jota 859 Elmas Frez - Mavi Kuşak (Standard) Uzun İğne Genel Preparasyon Frezi,exact_sku,keep_current_sku,Current SKU already exists in authoritative reference.
c156d243-be76-4be8-ad75-3d8fcb1ba3a6,21ac9078-022f-4642-8152-4a0f2f7d63ad,Jota 837L Elmas Frez - Mavi Kuşak (Standard) Uzun Silindirik Genel Preparasyon Frezi,JOT-837L-FG-014,JOT-837L-FG-014,Jota 837L Elmas Frez - Mavi Kuşak (Standard) Uzun Silindirik Genel Preparasyon Frezi,exact_sku,keep_current_sku,Current SKU already exists in authoritative reference.
a7b33aab-409d-4e7e-bd17-014a0ffac95f,302707c0-9627-45c3-a23a-c2e772112a03,Jota 830G Elmas Frez - Yeşil Kuşak (Kaba) Alev (Flame) Hızlı Preparasyon Frezi,JOT-830-GFG-018,JOT-830-GFG-018,Jota 830G Elmas Frez - Yeşil Kuşak (Kaba) Alev (Flame) Hızlı Preparasyon Frezi,exact_sku,keep_current_sku,Current SKU already exists in authoritative reference.
32973745-76dc-4099-9a42-6ec4477803ae,4f97398b-03b4-472f-8842-a09bca102345,Jota 850G Elmas Frez - Yeşil Kuşak (Kaba) İnce Konik Hızlı Preparasyon Frezi,JOT-850-GFG-014,JOT-850-GFG-014,Jota 850G Elmas Frez - Yeşil Kuşak (Kaba) İnce Konik Hızlı Preparasyon Frezi,exact_sku,keep_current_sku,Current SKU already exists in authoritative reference.